kerma.sudern.lol,18018
128.130.122.74,18018
128.130.122.73,18017
128.130.122.73,18019
128.130.122.73,18018
kerma.zlayer.org,18018
128.130.122.75,18018
block-ness-monster.12122393.xyz,18018
0.0.0.0,18018
128.130.122.73,18018
128.130.122.74,18018
pink.fluffy.unicorn,4242
kerma.zlayer.org,18018
kerma.sudern.lol,18018
128.130.122.73,18017
0.0.0.0,18018
block-ness-monster.12122393.xyz,18018
128.130.122.75,18018
128.130.122.73,18019
128.130.122.73,18018
128.130.122.74,18018
pink.fluffy.unicorn,4242
kerma.zlayer.org,18018
kerma.sudern.lol,18018
128.130.122.73,18017
0.0.0.0,18018
block-ness-monster.12122393.xyz,18018
128.130.122.75,18018
128.130.122.73,18019
